"Acc_name","Syn"
"Perimyotis subflavus","Pipistrellus subflavus"
"Peromyscus maniculatus","Peromyscus maniculatus bairdii"
"Baeolophus bicolor","Baeolophus bicolor bicolor"
"Baeolophus bicolor","Parus bicolor"
"Poecile carolinensis","Parus carolinensis"
"Dendroica palmarum","Dendroica palmarum palmarum"
"Helmitheros vermivorum","Helmitheros vermivorus"
"Seiurus aurocapilla","Seiurus aurocapillus"
"Colaptes auratus","Colaptes auratus auratus"
"Megascops asio","Otus asio"
"Elaphe spiloides","Elaphe obsoleta"
"Pseudacris feriarum","Pseudacris triseriata feriarum"
"Pseudotriton diastictus","Pseudotriton montanus diastictus"
"Chaerophyllum tainturieri","Chaerophyllum tainturieri tainturieri"
"Thaspium barbinode","Thaspium barbinode angustifolium"
"Aralia racemosa","Aralia racemosa ssp. racemosa"
"Ilex opaca","Ilex opaca opaca"
"Allium vineale","Allium vineale ssp. vineale"
"Maianthemum racemosum","Maianthemum racemosum ssp. racemosum"
"Maianthemum racemosum","Smilacina racemosa"
"Polygonatum biflorum","Polygonatum biflorum commutatum"
"Cypripedium parviflorum","Cypripedium parviflorum pubescens"
"Ageratina altissima","Ageratina altissima altissima"
"Ageratina altissima","Eupatorium rugosum"
"Ambrosia trifida","Ambrosia trifida trifida"
"Antennaria parlinii","Antennaria parlinii ssp. parlinii"
"Artemisia vulgaris","Artemisia vulgaris vulgaris"
"Coreopsis tinctoria","Coreopsis tinctoria tinctoria"
"Erechtites hieraciifolia","Erechtites hieraciifolia hieraciifolia"
"Erigeron pulchellus","Erigeron pulchellus pulchellus"
"Eupatorium hyssopifolium","Eupatorium hyssopifolium laciniatum"
"Eupatorium rotundifolium","Eupatorium rotundifolium ovatum"
"Eupatorium sessilifolium","Eupatorium sessilifolium sessilifolium"
"Leucanthemum vulgare","Chrysanthemum leucanthemum"
"Liatris squarrosa","Liatris squarrosa squarrosa"
"Liatris squarrosa","Liatris squarrosa hirsuta"
"Packera glabella","Senecio glabellus"
"Parthenium integrifolium","Parthenium integrifolium integrifolium"
"Pseudognaphalium obtusifolium","Pseudognaphalium obtusifolium ssp. obtusifolium"
"Rudbeckia laciniata","Rudbeckia laciniata laciniata"
"Silphium trifoliatum","Silphium trifoliatum trifoliatum"
"Solidago missouriensis","Solidago missouriensis fasciculata"
"Solidago odora","Solidago odora odora"
"Solidago rugosa","Solidago rugosa ssp. rugosa rugosa"
"Solidago rugosa","Solidago rugosa rugosa"
"Solidago ulmifolia","Solidago ulmifolia ulmifolia"
"Symphyotrichum dumosum","Symphyotrichum dumosum dumosum"
"Symphyotrichum ontarione","Aster ontarionis"
"Symphyotrichum pilosum","Aster pilosus"
"Symphyotrichum pilosum","Symphyotrichum pilosum pilosum"
"Taraxacum officinale","Taraxacum officinale ssp. officinale"
"Verbesina virginica","Verbesina virginica virginica"
"Campanulastrum americanum","Campanula americana"
"Lobelia siphilitica","Lobelia siphilitica siphilitica"
"Lobelia spicata","Lobelia spicata spicata"
"Cynoglossum virginianum","Cynoglossum virginianum virginianum"
"Lepidium virginicum","Lepidium virginicum virginicum"
"Cerastium fontanum","Cerastium fontanum ssp. vulgare"
"Cerastium nutans","Cerastium nutans nutans"
"Phytolacca americana","Phytolacca americana americana"
"Polygonum caespitosum","Polygonum caespitosum longisetum"
"Polygonum punctatum","Polygonum punctatum confertiflorum"
"Celastrus orbiculatus","Celastrus orbiculata"
"Euonymus americana","Euonymus americanus"
"Euonymus atropurpurea","Euonymus atropurpureus"
"Euonymus fortunei","Euonymus fortunei radicans"
"Euonymus obovata","Euonymus obovatus"
"Commelina communis","Commelina communis communis"
"Sambucus nigra","Sambucus nigra ssp. canadensis"
"Sambucus nigra","Sambucus canadensis"
"Equisetum hyemale","Equisetum hyemale affine"
"Phlox divaricata","Phlox di cata ssp. di cata"
"Cercis canadensis","Cercis canadensis canadensis"
"Chamaecrista fasciculata","Chamaecrista fasciculata fasciculata"
"Desmodium cuspidatum","Desmodium cuspidatum cuspidatum"
"Desmodium paniculatum","Desmodium paniculatum paniculatum"
"Lespedeza hirta","Lespedeza hirta ssp. hirta"
"Medicago sativa","Medicago sativa ssp. sativa"
"Melilotus albus","Melilotus alba"
"Orbexilum pedunculatum","Orbexilum pedunculatum pedunculatum"
"Carpinus caroliniana","Carpinus caroliniana ssp. caroliniana"
"Quercus coccinea","Quercus coccinea coccinea"
"Quercus rubra","Quercus rubra rubra"
"Carya ovata","Carya ovata"
"Galium circaezans","Galium circaezans hypomalacum"
"Galium circaezans","Galium circaezans circaezans"
"Galium obtusum","Galium obtusum ssp. obtusum"
"Galium pilosum","Galium pilosum pilosum"
"Houstonia caerulea","Hedyotis caerulea"
"Houstonia purpurea","Houstonia purpurea purpurea"
"Blephilia hirsuta","Blephilia hirsuta hirsuta"
"Monarda fistulosa","Monarda fistulosa mollis"
"Monarda fistulosa","Monarda fistulosa ssp. fistulosa mollis"
"Pycnanthemum pycnanthemoides","Pycnanthemum pycnanthemoides pycnanthemoides"
"Scutellaria ovata","Scutellaria ovata ssp. ovata"
"Teucrium canadense","Teucrium canadense canadense"
"Pedicularis canadensis","Pedicularis canadensis ssp. canadensis"
"Veronica officinalis","Veronica officinalis officinalis"
"Erythronium umbilicatum","Erythronium umbilicatum ssp. umbilicatum"
"Croton capitatus","Croton capitatus capitatus"
"Hypericum hypericoides","Hypericum hypericoides ssp. multicaule"
"Linum medium","Linum medium texanum"
"Linum sulcatum","Linum sulcatum sulcatum"
"Viola canadensis","Viola canadensis canadensis"
"Viola palmata","Viola palmata palmata"
"Viola palmata","Viola X palmata"
"Viola pubescens","Viola pubescens pubescens"
"Viola pubescens","Viola pubescens scabriuscula"
"Tilia americana","Tilia americana americana"
"Circaea lutetiana","Circaea lutetiana ssp. canadensis"
"Circaea lutetiana","Circaea quadrisulcata"
"Osmunda cinnamomea","Osmunda cinnamomea cinnamomea"
"Oxalis stricta","Oxalis dillenii"
"Juniperus virginiana","Juniperus virginiana virginiana"
"Carex albicans","Carex albicans albicans"
"Carex laxiculmis","Carex laxiculmis laxiculmis"
"Carex muehlenbergii","Carex muehlenbergii muehlenbergii"
"Carex tonsa","Carex rugosperma"
"Carex tonsa","Carex tonsa rugosperma"
"Andropogon gyrans","Andropogon gyrans gyrans"
"Andropogon virginicus","Andropogon virginicus virginicus"
"Arundinaria gigantea","Arundinaria gigantea ssp. gigantea"
"Dactylis glomerata","Dactylis glomerata ssp. glomerata"
"Dichanthelium acuminatum","Dichanthelium acuminatum acuminatum"
"Dichanthelium dichotomum","Dichanthelium dichotomum dichotomum"
"Dichanthelium ovale","Dichanthelium ovale addisonii"
"Dichanthelium ovale","Dichanthelium ovale ovale"
"Dichanthelium sphaerocarpon","Dichanthelium sphaerocarpon isophyllum"
"Elymus virginicus","Elymus virginicus virginicus"
"Festuca trachyphylla","Festuca ovina"
"Lolium pratense","Festuca elatior"
"Paspalum setaceum","Paspalum setaceum muehlenbergii"
"Setaria pumila","Setaria glauca"
"Tridens flavus","Tridens flavus flavus"
"Pteridium aquilinum","Pteridium aquilinum latiusculum"
"Polystichum acrostichoides","Polystichum acrostichoides acrostichoides"
"Thelypteris palustris","Thelypteris palustris pubescens"
"Actaea racemosa","Cimicifuga racemosa"
"Actaea racemosa","Actaea racemosa racemosa"
"Anemone virginiana","Anemone virginiana virginiana"
"Hepatica nobilis","Hepatica nobilis acuta"
"Elaeagnus umbellata","Elaeagnus umbellata parvifolia"
"Morus rubra","Morus rubra rubra"
"Frangula caroliniana","Rhamnus caroliniana"
"Amelanchier arborea","Amelanchier arborea arborea"
"Fragaria virginiana","Fragaria virginiana ssp. virginiana"
"Geum canadense","Geum canadense canadense"
"Prunus serotina","Prunus serotina serotina"
"Rosa carolina","Rosa carolina carolina"
"Waldsteinia fragarioides","Waldsteinia fragarioides ssp. fragarioides"
"Rhus aromatica","Rhus aromatica aromatica"
"Rhus copallinum","Rhus copallinum latifolia"
"Toxicodendron radicans","Rhus radicans"
"Aesculus glabra","Aesculus glabra glabra"
"Heuchera americana","Heuchera americana americana"
"Physalis heterophylla","Physalis heterophylla heterophylla"
"Physalis virginiana","Physalis virginiana virginiana"
"Solanum carolinense","Solanum carolinense carolinense"
"Vitis cinerea","Vitis cinerea cinerea"
"Lynx rufus","Felis rufus"
"Mephitis mephitis","Mephitis mephitis hudsonica"
"Taxidea taxus","Taxidea taxus taxus"
"Myotis ciliolabrum","Myotis leibii"
"Myotis lucifugus","Myotis lucifugus carissima"
"Myotis septentrionalis","Myotis keenii"
"Microtus ochrogaster","Pitymys ochrogaster haydeni"
"Microtus ochrogaster","Microtus ochrogaster haydenii"
"Neotoma cinerea","Neotoma cinerea rupicola"
"Reithrodontomys megalotis","Reithrodontomys megalotis dychei"
"Erethizon dorsatum","Erethizon dorsatum epixanthum"
"Geomys bursarius","Geomys lutescens lutescens"
"Chaetodipus hispidus","Perognathus hispidus"
"Dipodomys ordii","Dipodomys ordii luteolus"
"Dipodomys ordii","Dipodomys ordii richardsoni"
"Spermophilus tridecemlineatus","Spermophilus tridecemlineatus pallidus"
"Sorex haydeni","Sorex cinereus haydeni"
"Actitis macularius","Actitis macularia"
"Gallinago delicata","Gallinago gallinago"
"Tympanuchus phasianellus","Pedioecetes phasianellus"
"Plectrophenax nivalis","Plectrophenax nivalis nivalis"
"Passerina caerulea","Guiraca caerulea"
"Pica hudsonia","Pica pica"
"Petrochelidon pyrrhonota","Hirundo pyrrhonota"
"Poecile atricapillus","Parus atricapillus"
"Ardea alba","Casmerodius albus"
"Coluber constrictor","Coluber constrictor flaviventris"
"Heterodon nasicus","Heterodon nasicus nasicus"
"Lampropeltis triangulum","Lampropeltis triangulum gentilis"
"Lampropeltis triangulum","Lampropeltis triangulum multistriata"
"Nerodia sipedon","Nerodia sipedon sipedon"
"Pituophis catenifer","Pituophis catenifer sayi"
"Pituophis catenifer","Pituophis melanoleucus sayi"
"Thamnophis elegans","Thamnophis elegans vagrans"
"Thamnophis sirtalis","Thamnophis sirtalis parietalis"
"Phrynosoma hernandesi","Phrynosoma douglasii"
"Phrynosoma hernandesi","Phrynosoma douglassii brevirostre"
"Phrynosoma hernandesi","Phrynosoma douglassii"
"Eumeces multivirgatus","Eumeces multivirgatus multivirgatus"
"Crotalus viridis","Crotalus viridis viridis"
"Chrysemys picta","Chrysemys picta bellii"
"Terrapene ornata","Terrapene ornata ornata"
"Apalone spinifera","Apalone spinifera hartwegi"
"Ambystoma tigrinum","Ambystoma tigrinum mavortium"
"Catostomus commersonii","Catostomus commersoni"
"Toxicoscordion venenosum var. gramineum","Zigadenus venenosus gramineus"
"Sagittaria latifolia","Sagittaria latifolia latifolia"
"Triglochin maritima","Triglochin maritimum"
"Maianthemum stellatum","Smilacina stellata"
"Platanthera huronensis","Platanthera hyperborea huronensis"
"Platanthera hyperborea","Platanthera hyperborea hyperborea"
"Achillea millefolium var. occidentalis","Achillea millefolium lanulosa"
"Achillea millefolium var. occidentalis","Achillea millefolium ssp. lanulosa"
"Ambrosia psilostachya","Ambrosia cumanensis"
"Artemisia ludoviciana ssp. ludoviciana","Artemisia ludoviciana ludoviciana"
"Crepis runcinata ssp. runcinata","Crepis runcinata"
"Crepis runcinata ssp. runcinata","Crepis runcinata runcinata"
"Erigeron ochroleucus var. scribneri","Erigeron ochroleucus"
"Erigeron pumilus ssp. pumilus","Erigeron pumilus pumilus"
"Iva xanthifolia","Cyclachaena xanthifolia"
"Machaeranthera pinnatifida var. pinnatifida","Machaeranthera pinnatifida"
"Machaeranthera pinnatifida var. pinnatifida","Haplopappus spinulosus"
"Mulgedium oblongifolium","Lactuca tatarica pulchella"
"Mulgedium oblongifolium","Lactuca tatarica ssp. pulchella"
"Oligoneuron rigidum var. humile","Solidago rigida humilis"
"Oligoneuron rigidum var. rigidum","Solidago rigida"
"Packera cana","Senecio canus"
"Packera plattensis","Senecio plattensis"
"Symphyotrichum ericoides var. ericoides","Aster ericoides"
"Symphyotrichum ericoides var. pansum","Aster pansus"
"Symphyotrichum falcatum var. commutatum","Aster commutatus"
"Symphyotrichum falcatum var. falcatum","Aster falcatus"
"Symphyotrichum lanceolatum var. hesperium","Aster hesperius"
"Symphyotrichum lanceolatum var. hesperium","Aster lanceolatus ssp. hesperius"
"Tragopogon dubius","Tragopogon dubius ssp. major"
"Xanthisma grindelioides","Machaeranthera grindelioides"
"Xanthisma grindelioides","Machaeranthera grindelioides grindelioides"
"Cryptantha cinerea var. jamesii","Cryptantha cinerea"
"Cryptantha cinerea var. jamesii","Cryptantha jamesii"
"Lappula occidentalis var. occidentalis","Lappula redowskii"
"Phacelia hastata var. hastata","Phacelia hastata leucophylla"
"Phacelia hastata var. hastata","Phacelia hastata"
"Descurainia pinnata ssp. intermedia","Descurainia pinnata intermedia"
"Erysimum capitatum var. capitatum","Erysimum asperum"
"Erysimum capitatum var. capitatum","Erysimum capitatum"
"Physaria ludoviciana","Lesquerella ludoviciana"
"Rorippa palustris ssp. hispida","Rorippa palustris"
"Rorippa palustris ssp. hispida","Rorippa palustris hispida"
"Atriplex micrantha","Atriplex heterosperma"
"Chenopodium album var. striatum","Chenopodium strictum"
"Chenopodium berlandieri var. zschackii","Chenopodium berlandieri"
"Kochia scoparia","Bassia scoparia"
"Salsola tragus","Salsola australis"
"Escobaria vivipara var. vivipara","Coryphantha vivipara"
"Opuntia macrorhiza var. macrorhiza","Opuntia macrorhiza"
"Opuntia polyacantha var. polyacantha","Opuntia polyacantha"
"Silene drummondii var. drummondii","Silene drummondii"
"Abronia fragrans","Abronia fragrans fragans"
"Polygonum amphibium var. emersum","Polygonum coccineum"
"Rumex maritimus","Rumex maritimus ssp. fueginus"
"Phlox gracilis ssp. humilis","Microsteris gracilis humilior"
"Phlox hoodii ssp. muscoides","Phlox bryoides"
"Astragalus ceramicus var. filifolius","Astragalus ceramicus"
"Astragalus laxmannii var. robustior","Astragalus laxmannii"
"Astragalus mollissimus","Astragalus mollissimus mollissimus"
"Astragalus sericoleucus","Astragalus sericoleucus sericoleucus"
"Lathyrus polymorphus var. incanus","Lathyrus polymorphus ssp. incanus"
"Lupinus pusillus","Lupinus pusillus pusillus"
"Melilotus alba","Melilotus albus"
"Pediomelum hypogaeum var. hypogaeum","Pediomelum hypogaeum"
"Asclepias incarnata ssp. incarnata","Asclepias incarnata"
"Hedeoma hispida","Hedeoma hispidum"
"Plantago patagonica","Plantago patagonica patagonica"
"Chamaesyce glyptosperma","Euphorbia glyptosperma"
"Chamaesyce missurica","Euphorbia missurica"
"Chamaesyce nutans","Euphorbia nutans"
"Chamaesyce revoluta","Euphorbia revoluta"
"Euphorbia brachycera","Euphorbia robusta"
"Populus deltoides ssp. monilifera","Populus deltoides"
"Salix interior","Salix exigua ssp. interior"
"Salix lutea","Salix lutea famelica"
"Epilobium ciliatum ssp. ciliatum","Epilobium ciliatum"
"Gaura mollis","Gaura parviflora"
"Oenothera caespitosa","Oenothera cespitosa"
"Carex duriuscula","Carex eleocharis"
"Carex hallii","Carex parryana ssp. hallii"
"Schoenoplectus acutus var. acutus","Scirpus acutus"
"Schoenoplectus pungens var. longispicatus","Scirpus pungens"
"Schoenoplectus pungens var. longispicatus","Schoenoplectus pungens"
"Schoenoplectus tabernaemontani","Scirpus tabernaemontani"
"Juncus arcticus ssp. littoralis","Juncus arcticus balticus"
"Juncus arcticus ssp. littoralis","Juncus balticus littoralis"
"Juncus arcticus ssp. littoralis","Juncus balticus"
"Juncus arcticus ssp. littoralis","Juncus balticus montanus"
"Achnatherum hymenoides","Oryzopsis hymenoides"
"Bromus tectorum","Bromus tectorum tectorum"
"Distichlis spicata","Distichlis spicata stricta"
"Elymus lanceolatus ssp. lanceolatus","Elymus lanceolatus"
"Elymus repens","Agropyron repens"
"Glyceria grandis var. grandis","Glyceria grandis"
"Glyceria striata","Glyceria striata striata"
"Hesperostipa comata ssp. comata","Stipa comata"
"Poa nemoralis ssp. interior","Poa interior"
"Poa secunda","Poa juncifolia"
"Schizachyrium scoparium var. scoparium","Andropogon scoparius"
"Ceratocephala testiculata","Ranunculus testiculatus"
"Rhus trilobata var. trilobata","Rhus trilobata"
"Rhus trilobata var. trilobata","Rhus aromatica trilobata"
"Ribes aureum var. villosum","Ribes odoratum"
"Calystegia sepium ssp. angulata","Calystegia sepium"
"Felis concolor","Puma concolor"
"Lasiurus cinereus","Lasiurus cinereus cinereus"
"Plecotus townsendii","Plecotus townsendii pallescens"
"Peromyscus leucopus","Peromyscus leucopus tornillo"
"Arizona elegans elegans","Arizona elegans"
"Coluber constrictor flaviventris","Coluber constrictor"
"Diadophis punctatus arnyi","Diadophis punctatus"
"Elaphe guttata emoryi","Elaphe emoryi emoryi"
"Hypsiglena torquata jani","Hypsiglena torquata"
"Masticophis flagellum testaceus","Masticophis flagellum"
"Pituophis melanoleucus","Pituophis catenifer sayi"
"Thamnophis marcianus marcianus","Thamnophis marcianus"
"Thamnophis sirtalis annectens","Thamnophis sirtalis"
"Crotaphytus collaris collaris","Crotaphytus collaris"
"Sceloporus undulatus","Sceloporus consobrinus"
"Leptotyphlops dulcis dissectus","Leptotyphlops dulcis"
"Cnemidophorus sexlineatus viridis","Cnemidophorus sexlineatus"
"Terrapene ornata ornata","Terrapene ornata"
"Bufo woodhousii woodhousii","Bufo woodhousii"
"Acris crepitans blanchardi","Acris crepitans"
"Ambystoma tigrinum mavortium","Ambystoma tigrinum"
"Samolus ebracteatus ssp. cuneatus","Samolus cuneatus"
"Houstonia humifusa","Hedyotis humifusa"
"Chamaesyce maculata","Euphorbia maculata"
"Echinochloa crus-pavonis var. macera","Echinochloa crus-pavonis"
"Puma concolor","Felis concolor"
"Conepatus leuconotus","Conepatus mesoleucus"
"Tadarida brasiliensis","Tadarida mexicana"
"Tadarida brasiliensis","Tadarida brasiliensis mexicana"
"Corynorhinus townsendii","Plecotus townsendii"
"Myotis velifer","Myotis velifer incautus"
"Myotis yumanensis","Myotis yumanensis yumanensis"
"Didelphis virginiana","Didelphis marsupialis"
"Neotoma leucodon","Neotoma albigula"
"Sciurus niger","Sciurus niger rufiventer"
"Sterna antillarum athalassos","Sterna antillarum"
"Anas americana","Marcea americana"
"Anas clypeata","Spatula clypeata"
"Anas crecca","Anas carolinensis"
"Anas platyrhynchos","Anas platyrhynchos diazi"
"Anas platyrhynchos","Anas platyrhynchos platyrhynchos"
"Calidris bairdii","Erolia bairdii"
"Calidris mauri","Ereunetes mauri"
"Calidris minutilla","Erolia minutilla"
"Tringa flavipes","Totanus flavipes"
"Tringa melanoleuca","Totanus melanoleucus"
"Columbina inca","Scardafella inca"
"Columbina passerina","Columbigallina passerina"
"Megaceryle alcyon","Ceryle alcyon"
"Megaceryle torquata","Ceryle torquata"
"Cardinalis cardinalis","Richmondena cardinalis"
"Cardinalis sinuatus","Pyrrhuloxia sinuata"
"Melozone fusca","Pipilo fuscus"
"Peucaea cassinii","Aimophila cassinii"
"Pipilo chlorurus","Chlorura chlorura"
"Carduelis tristis","Spinus tristis"
"Spinus psaltria","Carduelis psaltria"
"Icterus bullockii","Icterus galbula bullockii"
"Icterus cucullatus","Icterus cucullatus mexicanus"
"Icterus galbula","Icterus galbula galbula"
"Quiscalus mexicanus","Cassidix mexicanus"
"Baeolophus atricristatus","Parus atricristatus"
"Dendroica coronata","Dendroica coronata auduboni"
"Dendroica coronata","Dendroica coronata coronata"
"Catherpes mexicanus","Catherpes mexicanus albifrons"
"Cistothorus palustris","Telmatodytes palustris"
"Tyrannus forficatus","Muscivora forficata"
"Butorides virescens","Butorides striatus"
"Egretta caerulea","Florida caerulea"
"Egretta thula","Leucophoya thula"
"Egretta tricolor","Hydranassa tricolor"
"Melanerpes aurifrons","Melanerpes aurifrons incanescens"
"Melanerpes aurifrons","Centurus aurifrons"
"Picoides scalaris","Picoides scalaris symplectus"
"Picoides scalaris","Dendrocopos scalaris"
"Podiceps nigricollis","Podiceps caspicus"
"Athene cunicularia","Speotyto cunicularia"
"Megascops kennicottii","Otus kennicottii"
"Bogertophis subocularis","Bogertophis subocularis subocularis"
"Elaphe bairdi","Elaphe obsoleta bairdi"
"Elaphe emoryi","Elaphe guttata emoryi"
"Hypsiglena torquata","Hypsiglena torquata janii"
"Lampropeltis alterna","Lampropeltis mexicana"
"Masticophis flagellum","Masticophis flagellum testaceus"
"Masticophis taeniatus","Masticophis taeniatus ornatus"
"Nerodia erythrogaster","Nerodia erythrogaster transversa"
"Nerodia rhombifer","Natrix rhombifer rhombifer"
"Nerodia rhombifer","Nerodia rhombifer rhombifer"
"Rhinocheilus lecontei","Rhinocheilus lecontei tessellatus"
"Salvadora grahamiae","Salvadora grahamiae grahamiae"
"Salvadora grahamiae","Salvadora grahamiae lineata"
"Sonora semiannulata","Sonora episcopa episcopa"
"Thamnophis cyrtopsis","Thamnophis cyrtopsis ocellatus"
"Thamnophis marcianus","Thamnophis marcianus marcianus"
"Thamnophis proximus","Thamnophis proximus diabolicus"
"Micrurus tener","Micrurus fulvius tener"
"Micrurus tener","Micrurus tener tener"
"Sceloporus cowlesi","Sceloporus undulatus"
"Sceloporus merriami","Sceloporus merriami merriami"
"Sceloporus poinsettii","Sceloporus poinsettii poinsettii"
"Sceloporus variabilis","Sceloporus abilis marmoratus"
"Urosaurus ornatus","Urosaurus ornatus schmidti"
"Cophosaurus texanus","Cophosaurus texanus texanus"
"Eumeces tetragrammus","Eumeces tetragrammus brevilineatus"
"Aspidoscelis gularis","Aspidoscelis gularis gularis"
"Aspidoscelis gularis","Cnemidophorus gularis gularis"
"Aspidoscelis gularis","Cnemidophorus gularis"
"Aspidoscelis inornata","Aspidoscelis inornata heptagramma"
"Aspidoscelis inornata","Cnemidophorus inornatus"
"Aspidoscelis marmorata","Cnemidophorus tigris"
"Aspidoscelis tesselata","Cnemidophorus tesselatus"
"Agkistrodon contortrix","Agkistrodon contortrix pictigaster"
"Crotalus lepidus","Crotalus lepidus lepidus"
"Crotalus molossus","Crotalus molossus molossus"
"Pseudemys gorzugi","Chrysemys concinna texana"
"Pseudemys gorzugi","Pseudemys concinna"
"Trachemys scripta","Trachemys scripta elegans"
"Trachemys scripta","Chrysemys scripta elegans"
"Bufo debilis","Bufo debilis debilis"
"Bufo nebulifer","Bufo valliceps"
"Acris crepitans","Acris crepitans blanchardi"
"Astyanax mexicanus","Astyanax fasciatus mexicanus"
"Campostoma anomalum","Campostoma anomalum pullum"
"Cyprinella lutrensis","Notropis lutrensis lutrensis"
"Cyprinella lutrensis","Notropis lutrensis"
"Cyprinella proserpina","Notropis proserpinus"
"Cyprinella venusta","Notropis venustus"
"Macrhybopsis aestivalis","Hybopsis aestivalis"
"Gambusia speciosa","Gambusia affinis speciosa"
"Atractosteus spatula","Lepisosteus spatula"
"Lepomis gulosus","Chaenobryttus gulosus"
"Lepomis macrochirus","Lepomis macrochirus speciosus"
"Lepomis megalotis","Lepomis megalotis aquilensis"
"Micropterus salmoides","Micropterus salmoides salmoides"
"Sander vitreus","Stizostedion vitreum"
"Coryphantha echinus var. echinus","Coryphantha cornifera echinus"
"Stuckenia pectinata","Potamogeton pectinatus"
"Sisyrinchium chilense","Sisyrinchium scabrum"
"Bahia absinthifolia","Bahia absinthifolia dealbata"
"Chloracantha spinosa","Erigeron ortegae"
"Conoclinium greggii","Eupatorium greggii"
"Conyza canadensis","Conyza canadensis canadensis"
"Gamochaeta falcata","Gnaphalium falcatum"
"Gymnosperma glutinosum","Gymnosperma glutinosa"
"Heterotheca subaxillaris","Heterotheca latifolia"
"Laennecia coulteri","Conyza coulteri"
"Pluchea carolinensis","Pluchea odorata"
"Senecio flaccidus var. flaccidus","Senecio douglasii longilobus"
"Tetraneuris scaposa var. argyrocaulon","Hymenoxys scaposa argyrocaulon"
"Thymophylla pentachaeta var. pentachaeta","Thymophylla pentachaeta"
"Wedelia texana","Wedelia hispida"
"Wedelia texana","Wedelia acapulcensis hispida"
"Tiquilia canescens var. canescens","Tiquilia canescens"
"Heliotropium curassavicum var. curassavicum","Heliotropium curassavicum"
"Rorippa teres","Rorippa teres teres"
"Chenopodium berlandieri var. berlandieri","Chenopodium berlandieri"
"Coryphantha pottsiana","Coryphantha robertii"
"Coryphantha tuberculosa","Coryphantha strobiliformis"
"Echinocereus coccineus var. paucispinus","Echinocereus triglochidiatus paucispinus"
"Echinocereus coccineus var. paucispinus","Echinocereus triglochidiatus"
"Echinocereus enneacanthus var. enneacanthus","Echinocereus enneacanthus dubius"
"Glandulicactus uncinatus var. wrightii","Ancistrocactus uncinatus wrightii"
"Hamatocactus bicolor","Ferocactus setispinus"
"Hamatocactus bicolor","Thelocactus setispinus"
"Opuntia engelmannii var. lindheimeri","Opuntia lindheimeri"
"Phemeranthus aurantiacus","Talinum aurantiacum"
"Persicaria maculosa","Polygonum persicaria"
"Persicaria pensylvanica","Polygonum pensylvanicum"
"Persicaria punctata","Polygonum punctatum"
"Portulaca pilosa","Portulaca mundula"
"Equisetum hyemale var. affine","Equisetum hyemale ssp. affine"
"Fouquieria splendens","Fouquieria splendens ssp. splendens"
"Giliastrum incisum","Gilia incisa"
"Acacia farnesiana","Acacia minuta ssp. minuta"
"Cercis canadensis var. texensis","Cercis canadensis"
"Glottidium vesicarium","Sesbania vesicaria"
"Mimosa aculeaticarpa var. biuncifera","Mimosa biuncifera"
"Parkinsonia texana var. texana","Cercidium texanum"
"Vachellia rigidula","Acacia rigidula"
"Vachellia rigidula","Acacia amentacea"
"Quercus vaseyana","Quercus pungens vaseyana"
"Funastrum crispum","Sarcostemma crispum"
"Sarcostemma cynanchoides ssp. cynanchoides","Sarcostemma cynanchoides cynanchoides"
"Scutellaria drummondii var. edwardsiana","Scutellaria drummondii"
"Buchnera americana","Buchnera floridana"
"Castilleja rigida","Castilleja latebracteata"
"Maurandella antirrhiniflora","Maurandya antirrhiniflora"
"Glandularia bipinnatifida var. bipinnatifida","Glandularia bipinnatifida"
"Glandularia bipinnatifida var. bipinnatifida","Verbena bipinnatifida"
"Lantana achyranthifolia","Lantana macropoda"
"Schoenocaulon texanum","Schoenocaulon wrightii"
"Acalypha monostachya","Acalypha hederacea"
"Acalypha phleoides","Acalypha lindheimeri"
"Chamaesyce angusta","Euphorbia angusta"
"Euphorbia davidii","Euphorbia dentata"
"Jatropha dioica var. dioica","Jatropha dioica"
"Triadica sebifera","Sapium sebiferum"
"Linum berlandieri var. filifolium","Linum rigidum"
"Leptopus phyllanthoides","Andrachne phyllanthoides"
"Salix exigua","Salix thurberi"
"Allowissadula holosericea","Wissadula holosericea"
"Gaura suffulta","Gaura suffulta suffulta"
"Eleocharis montevidensis","Eleocharis palmeri"
"Schoenoplectus americanus","Scirpus americanus"
"Cenchrus spinifex","Cenchrus incertus"
"Chloris X subdolichostachya","Chloris subdolichostachya"
"Dasyochloa pulchella","Erioneuron pulchellum"
"Digitaria cognata","Leptoloma cognatum"
"Pleuraphis mutica","Hilaria mutica"
"Urochloa fasciculata","Brachiaria fasciculata"
"Platanus occidentalis","Platanus occidentalis palmeri"
"Mahonia trifoliolata","Berberis trifoliolata"
"Corydalis curvisiliqua ssp. curvisiliqua","Corydalis curvisiliqua"
"Corydalis micrantha ssp. texensis","Corydalis micrantha texensis"
"Celtis laevigata var. reticulata","Celtis reticulata"
"Rubus riograndis","Rubus trivialis duplaris"
"Marsilea vestita","Marsilea vestita ssp. vestita"
"Rhus virens var. virens","Rhus virens"
"Evolvulus alsinoides var. angustifolius","Evolvulus alsinoides hiticaulis"
"Calibrachoa parviflora","Petunia parviflora"
"Solanum ptychanthum","Solanum ptycanthum"
"Cissus trifoliata","Cissus incisa"
"Guaiacum angustifolium","Guaiacum angustifolia"
"Lontra canadensis","Lutra canadensis"
"Myotis keenii","Myotis septentrionalis"
"Perimyotis subflavus subflavus","Pipistrellus subflavus"
"Blarina brevicauda","Blarina brevicauda kirtlandi"
"Gallinago gallinago","Capella gallinago"
"Ceryle alcyon","Megaceryle alcyon"
"Certhia americana","Certhia familiaris"
"Coccothraustes vespertinus","Hesperiphona vespertina"
"Tachycineta bicolor","Iridoprocne bicolor"
"Anthus rubescens","Anthus spinoletta"
"Anaxyrus americanus americanus","Bufo americanus americanus"
"Lithobates catesbeianus","Rana catesbeiana"
"Lithobates clamitans","Rana clamitans melanota"
"Lithobates palustris","Rana palustris"
"Lithobates sylvaticus","Rana sylvatica"
"Cottus cognatus","Cottus cf. cognatus"
"Impatiens capensis","Impatiens biflora"
"Viola bicolor","Viola rafinesquei"
"Festuca pratensis","Lolium pratense"
"Asplenium rhizophyllum","Camptosorus rhizophyllus"
"Physalis longifolia var. subglabrata","Physalis subglabrata"
"Entypus unifasciatus","Entypus unifasciatus"
"Cygnus columbianus","Olor columbianus"
"Phalaropus tricolor","Steganopus tricolor"
"Scolopax minor","Philohela minor"
"Ammodramus leconteii","Ammospiza leconteii"
"Stelgidopteryx serripennis","Stelgidopteryx ruficollis"
"Poecile hudsonicus","Parus hudsonicus"
"Contopus borealis","Nuttallornis borealis"
"Picoides dorsalis","Picoides tridactylus"
"Picoides pubescens","Dendrocopos pubescens"
"Picoides villosus","Dendrocopos villosus"
"Storeria occipitomaculata occipitomaculata","Storeria occipitomaculata"
"Thamnophis sirtalis sirtalis","Thamnophis sirtalis"
"Chelydra serpentina serpentina","Chelydra serpentina"
"Chrysemys picta bellii","Chrysemys picta"
"Bufo americanus americanus","Bufo americanus"
"Pseudacris crucifer crucifer","Pseudacris crucifer"
"Rana clamitans melanota","Rana clamitans"
"Osmerus mordax","Osmerus eperlanus"
"Myoxocephalus thompsonii","Myoxocephalus quadricornis"
"Alisma triviale","Alisma plantago-aquatica"
"Potamogeton pusillus","Potamogeton berchtoldii"
"Stuckenia pectinatus","Potamogeton pectinatus"
"Osmorhiza berteroi","Osmorhiza chilensis"
"Maianthemum trifolium","Smilacina trifolia"
"Sisyrinchium montanum var. montanum","Sisyrinchium strictum"
"Coeloglossum viride var. virescens","Coeloglossum viride"
"Antennaria howellii ssp. neodioica","Antennaria neodioica"
"Antennaria howellii ssp. neodioica","Antennaria neglecta"
"Artemisia campestris var. caudata","Artemisia campestris"
"Balsamita major","Chrysanthemum balsamita"
"Doellingeria umbellata","Aster umbellatus"
"Eurybia macrophylla","Aster macrophyllus"
"Leontodon taraxacoides","Leontodon leysseri"
"Matricaria discoidea","Matricaria matricarioides"
"Omalotheca sylvatica","Gnaphalium sylvaticum"
"Packera aurea","Senecio aureus"
"Packera indecora","Senecio indecorus"
"Packera paupercula","Senecio pauperculus"
"Petasites frigidus var. palmatus","Petasites frigidus"
"Sonchus arvensis ssp. uliginosus","Sonchus uliginosus"
"Symphyotrichum ciliatum","Aster ciliolatus"
"Symphyotrichum laeve","Aster laevis"
"Symphyotrichum lanceolatum","Aster lanceolatus"
"Symphyotrichum lateriflorum","Aster lateriflorus"
"Symphyotrichum puniceum","Aster puniceus"
"Symphyotrichum urophyllum","Aster urophyllus"
"Arabis X divaricarpa","Arabis di carpa"
"Neobeckia aquatica","Armoracia lacustris"
"Rorippa palustris","Rorippa islandica"
"Sinapis arvensis","Brassica kaber"
"Corispermum americanum","Corispermum hyssopifolium"
"Cerastium fontanum ssp. vulgare","Cerastium fontanum"
"Polygonum cuspidatum","Polygonum sachalinense"
"Cornus racemosa","Cornus foemina"
"Cornus sericea","Cornus stolonifera"
"Sambucus racemosa var. racemosa","Sambucus pubens"
"Viburnum opulus var. americanum","Viburnum opulus"
"Viburnum opulus var. americanum","Viburnum trilobum"
"Andromeda polifolia var. glaucophylla","Andromeda glaucophylla"
"Orthilia secunda","Pyrola secunda"
"Pyrola americana","Pyrola rotundifolia"
"Lathyrus japonicus ssp. maritimus","Lathyrus japonicus"
"Vicia sativa ssp. nigra","Vicia angustifolia"
"Alnus incana ssp. rugosa","Alnus incana"
"Alnus viridis ssp. crispa","Alnus viridis"
"Betula pumila var. glandulifera","Betula glandulifera"
"Isoetes lacustris","Isoetes macrospora"
"Clinopodium vulgare","Satureja vulgaris"
"Mentha aquatica","Mentha citrata"
"Utricularia macrorhiza","Utricularia vulgaris"
"Callitriche palustris","Callitriche verna"
"Streptopus lanceolatus var. roseus","Streptopus roseus"
"Diphasiastrum tristachyum","Lycopodium tristachyum"
"Huperzia lucidula","Lycopodium lucidulum"
"Huperzia selago","Lycopodium selago"
"Huperzia X buttersii","Lycopodium X buttersii"
"Lycopodiella inundata","Lycopodium inundatum"
"Viola blanda var. palustriformis","Viola blanda"
"Viola macloskeyi ssp. pallens","Viola macloskeyi"
"Chamerion angustifolium","Epilobium angustifolium"
"Nuphar luteum var. pumilum","Nuphar microphylla"
"Carex foenea","Carex aenea"
"Carex lasiocarpa ssp. americana","Carex lasiocarpa"
"Carex livida var. radicaulis","Carex livida"
"Carex magellanica var. irrigua","Carex paupercula"
"Carex pellita","Carex lanuginosa"
"Carex tonsa var. rugosperma","Carex rugosperma"
"Carex tonsa var. rugosperma","Carex umbellata"
"Carex tonsa var. rugosperma","Carex rugosperma tonsa"
"Eleocharis palustris","Eleocharis smallii"
"Eriophorum angustifolium ssp. subarcticum","Eriophorum angustifolium"
"Eriophorum vaginatum var. spissum","Eriophorum spissum"
"Schoenoplectus acutus","Scirpus acutus"
"Schoenoplectus pungens","Scirpus pungens"
"Schoenoplectus subterminalis","Scirpus subterminalis"
"Schoenoplectus torreyi","Scirpus torreyi"
"Trichophorum alpinum","Scirpus hudsonianus"
"Eriocaulon aquaticum","Eriocaulon septangulare"
"Juncus alpinoarticulatus","Juncus alpinoarticulatus ssp. nodulosus"
"Calamagrostis stricta ssp. inexpansa","Calamagrostis inexpansa"
"Deschampsia caespitosa","Deschampsia cespitosa"
"Dichanthelium depauperatum","Panicum depauperatum"
"Dichanthelium sabulorum","Panicum columbianum"
"Elymus trachycaulus","Agropyron trachycaulum"
"Festuca heteromalla","Festuca diffusa"
"Hierochloe hirta ssp. arctica","Hierochloe odorata"
"Pennisetum glaucum","Setaria glauca"
"Piptatherum pungens","Oryzopsis pungens"
"Sphenopholis intermedia","Sphenopholis obtusata"
"Torreyochloa pallida var. pallida","Torreyochloa pallida"
"Sparganium angustifolium","Sparganium chlorocarpum"
"Pteridium aquilinum var. latiusculum","Pteridium aquilinum"
"Phegopteris connectilis","Thelypteris phegopteris"
"Athyrium filix-femina ssp. angustum","Athyrium angustum"
"Hepatica nobilis var. obtusa","Hepatica americana"
"Ranunculus flammula","Ranunculus reptans"
"Argentina anserina","Potentilla anserina"
"Comarum palustre","Potentilla palustris"
"Crataegus chrysocarpa","Crataegus laurentiana"
"Photinia floribunda","Aronia melanocarpa"
"Rosa acicularis ssp. sayi","Rosa acicularis"
"Rubus idaeus ssp. strigosus","Rubus strigosus"
"Sibbaldiopsis tridentata","Potentilla tridentata"
"Urtica dioica ssp. dioica","Urtica dioica"
"Rhus hirta","Rhus typhina"
"Toxicodendron rydbergii","Rhus radicans"
"Myriophyllum sibiricum","Myriophyllum exalbescens"
"Calystegia sepium","Convolvulus sepium"
"Parthenocissus quinquefolia","Parthenocissus inserta"
"Ovis canadensis","Ovis canadensis nelsoni"
"Cervus canadensis","Cervus elaphus"
"Nyctinomops macrotis","Tadarida macrotis"
"Myotis californicus","Myotis californicus stephensi"
"Myotis thysanodes","Myotis thysanodes thysanodes"
"Perognathus flavescens","Perognathus apache"
"Ammospermophilus leucurus","Citellus leucurus"
"Neotamias rufus","Tamias rufus"
"Neotamias rufus","Eutamias quadrivittatus"
"Junco hyemalis caniceps","Junco hyemalis"
"Crotaphytus collaris","Crotaphytus collaris baileyi"
"Gambelia wislizenii","Gambelia wislizenii punctata"
"Sceloporus graciosus","Sceloporus graciosus graciosus"
"Sceloporus tristichus","Sceloporus undulatus"
"Sceloporus tristichus","Sceloporus undulatus elongatus"
"Cnemidophorus tigris","Cnemidophorus tigris septentrionalis"
"Crotalus oreganus concolor","Crotalus viridis concolor"
"Bufo woodhousii","Bufo woodhousii woodhousii"
"Rana pipiens","Rana pipiens pipiens"
"Spea intermontana","Scaphiopus intermontanus"
"Catostomus discobolus","Pantosteus discobolus"
"Fundulus kansae","Fundulus zebrinus"
"Ameiurus natalis","Ictalurus natalis"
"Arabis perennans var. perennans","Arabis perennans"
"Chrysopsis villosa var. minor","Chrysopsis villosa minor"
"Chrysopsis villosa var. minor","Heterotheca villosa foliosa"
"Chrysopsis villosa var. minor","Chrysopsis foliosa"
"Chrysopsis villosa var. minor","Chrysopsis villosa"
"Chrysopsis villosa var. minor","Heterotheca villosa hispida"
"Chrysopsis villosa var. minor","Chrysopsis villosa hispida"
"Gilia leptomeria var. leptomeria","Gilia leptomeria"
"Habenaria sparsiflora var. sparsiflora","Habenaria sparsiflora"
"Haplopappus armerioides var. armerioides","Haplopappus armerioides"
"Suaeda torreyana var. torreyana","Suaeda torreyana"
"Zuckia brandegei var. brandegei","Zuckia brandegei"
"Zuckia brandegei var. brandegei","Zuckia brandegeei brandegeei"
"Zuckia brandegei var. brandegei","Grayia brandegei"
"Cymopterus acaulis var. fendleri","Cymopterus acaulis"
"Cymopterus purpureus var. purpureus","Cymopterus purpureus"
"Yucca harrimaniae var. harrimaniae","Yucca harrimaniae"
"Ambrosia acanthicarpa","Franseria acanthicarpa"
"Artemisia campestris var. scouleriana","Artemisia caudata"
"Artemisia ludoviciana var. albula","Artemisia ludoviciana"
"Artemisia nova var. nova","Artemisia nova"
"Artemisia tridentata var. tridentata","Artemisia tridentata"
"Aster ascendens","Aster chilensis ssp. adscendens"
"Baccharis salicina","Baccharis emoryi"
"Brickellia microphylla var. scabra","Brickellia scabra"
"Brickellia oblongifolia var. linifolia","Brickellia oblongifolia"
"Chaetopappa ericoides","Aster arenosus"
"Chrysothamnus linifolius","Chrysothamnus viscidiflorus ssp. linifolius"
"Chrysothamnus nauseosus var. consimilis","Chrysothamnus nauseosus"
"Chrysothamnus nauseosus var. graveolens","Chrysothamnus nauseosus glabratus"
"Chrysothamnus nauseosus var. graveolens","Chrysothamnus nauseosus ssp. pinifolius"
"Chrysothamnus parryi var. howardii","Chrysothamnus parryi"
"Chrysothamnus viscidiflorus var. viscidiflorus","Chrysothamnus viscidiflorus"
"Cirsium calcareum var. pulchellum","Cirsium calcareum"
"Cirsium undulatum var. undulatum","Cirsium undulatum"
"Conyza canadensis var. glabrata","Conyza canadensis"
"Crepis runcinata var. glauca","Crepis runcinata"
"Dicoria canescens ssp. canescens","Dicoria canescens"
"Encelia frutescens var. resinosa","Encelia frutescens"
"Erigeron divergens var. cinereus","Erigeron divergens"
"Erigeron pumilus var. concinnus","Erigeron pumilus"
"Erigeron utahensis var. utahensis","Erigeron utahensis"
"Euthamia occidentalis","Solidago occidentalis"
"Gaillardia pulchella","Gaillardia aristata"
"Gnaphalium wrightii","Gnaphalium canescens"
"Haplopappus rusbyi","Haplopappus drummondii"
"Helianthus annuus ssp. lenticularis","Helianthus annuus"
"Helianthus petiolaris ssp. fallax","Helianthus petiolaris"
"Hymenopappus filifolius var. cinereus","Hymenopappus filifolius"
"Hymenoxys acaulis var. arizonica","Hymenoxys acaulis"
"Hymenoxys acaulis var. ivesiana","Hymenoxys argentea"
"Lactuca tatarica var. pulchella","Lactuca tatarica"
"Lygodesmia grandiflora var. entrada","Lygodesmia entrada"
"Lygodesmia grandiflora var. grandiflora","Lygodesmia grandiflora"
"Machaeranthera canescens var. canescens","Aster bigelovii"
"Machaeranthera commixta","Machaeranthera bigelovii"
"Machaeranthera grindelioides var. grindelioides","Haplopappus nuttallii"
"Machaeranthera tanacetifolia","Aster tanacetifolius"
"Petradoria pumila var. pumila","Petradoria pumila"
"Petradoria pumila var. pumila","Solidago petradoria"
"Platyschkuhria integrifolia var. desertorum","Bahia nudicaulis"
"Senecio spartioides var. multicapitatus","Senecio multicapitatus"
"Solidago canadensis var. salebrosa","Solidago canadensis"
"Solidago canadensis var. salebrosa","Solidago altissima"
"Solidago velutina","Solidago sparsiflora"
"Stephanomeria tenuifolia var. tenuifolia","Stephanomeria tenuifolia"
"Xanthium strumarium var. canadense","Xanthium pensylvanicum"
"Xylorhiza confertifolia","Xylorhiza glabriuscula confertifolia"
"Xylorhiza tortifolia var. imberbis","Aster abatus"
"Xylorhiza tortifolia var. imberbis","Xylorhiza tortifolia"
"Xylorhiza venusta","Aster venustus"
"Cryptantha crassisepala var. elachantha","Cryptantha crassisepala"
"Cryptantha pterocarya var. pterocarya","Cryptantha pterocarya"
"Lappula occidentalis var. cupulata","Lappula occidentalis"
"Lappula occidentalis var. cupulata","Lappula redowskii"
"Tiquilia latior","Coldenia hispidissima"
"Phacelia crenulata var. corrugata","Phacelia crenulata"
"Arabis pulchra var. pallens","Arabis pulchra"
"Draba cuneifolia var. cuneifolia","Draba cuneifolia"
"Erysimum asperum var. purshii","Erysimum asperum"
"Lepidium alyssoides var. eastwoodiae","Lepidium montanum spathulatum"
"Lepidium densiflorum var. ramosum","Lepidium densiflorum"
"Lepidium montanum var. jonesii","Lepidium montanum"
"Nasturtium officinale","Rorippa nasturtium-aquaticum"
"Physaria acutifolia var. acutifolia","Physaria australis"
"Physaria acutifolia var. acutifolia","Physaria acutifolia"
"Thelypodium integrifolium var. gracilipes","Thelypodium integrifolium"
"Atriplex canescens var. canescens","Atriplex canescens occidentalis"
"Atriplex canescens var. canescens","Atriplex canescens"
"Atriplex gardneri var. cuneata","Atriplex cuneata"
"Atriplex garrettii var. garrettii","Atriplex garrettii"
"Bassia americana","Kochia americana"
"Bassia hyssopifolia","Echinopsilon hyssopifolium"
"Bassia scoparia","Kochia scoparia"
"Chenopodium album var. berlandieri","Chenopodium berlandieri"
"Chenopodium dessicatum","Chenopodium pratericola"
"Chenopodium dessicatum","Chenopodium dessicatum"
"Chenopodium fremontii var. fremontii","Chenopodium fremontii"
"Krascheninnikovia lanata var. lanata","Eurotia lanata"
"Krascheninnikovia lanata var. lanata","Krascheninnikovia lanata"
"Suaeda calceoliformis","Suaeda depressa"
"Echinocereus triglochidiatus var. melanacanthus","Echinocereus triglochidiatus"
"Opuntia erinacea var. erinacea","Opuntia erinacea"
"Opuntia erinacea var. utahensis","Opuntia rhodantha"
"Opuntia polyacantha var. rufispina","Opuntia hystricina"
"Sclerocactus whipplei var. roseus","Sclerocactus parviflorus"
"Sclerocactus whipplei var. roseus","Echinocactus whipplei"
"Arenaria fendleri var. eastwoodiae","Arenaria fendleri"
"Mirabilis linearis var. linearis","Mirabilis linearis"
"Mirabilis linearis var. linearis","Oxybaphus linearis"
"Tripterocalyx micranthus","Tripterocalyx pedunculatus"
"Eriogonum alatum","Eriogonum alatum ssp. brevifolium"
"Eriogonum corymbosum var. corymbosum","Eriogonum divergens"
"Eriogonum corymbosum var. corymbosum","Eriogonum corymbosum"
"Eriogonum corymbosum var. corymbosum","Eriogonum corymbosum durum"
"Eriogonum inflatum var. inflatum","Eriogonum inflatum"
"Eriogonum leptocladon var. leptocladon","Eriogonum leptocladon"
"Eriogonum microthecum var. simpsonii","Eriogonum microthecum"
"Eriogonum microthecum var. simpsonii","Eriogonum microthecum foliosum"
"Tamarix chinensis","Tamarix pentandra"
"Tamarix chinensis","Tamarix ramosissima"
"Mentzelia pumila var. lagarosa","Mentzelia pumila"
"Sambucus racemosa var. microbotrys","Sambucus racemosa"
"Symphoricarpos oreophilus var. utahensis","Symphoricarpos oreophilus"
"Ephedra viridis var. viridis","Ephedra viridis"
"Equisetum laevigatum","Equisetum kansanum"
"Ipomopsis aggregata var. aggregata","Ipomopsis aggregata"
"Ipomopsis aggregata var. aggregata","Gilia aggregata"
"Ipomopsis congesta var. frutescens","Gilia congesta frutescens"
"Ipomopsis congesta var. frutescens","Gilia congesta"
"Ipomopsis gunnisonii","Gilia gunnisonii"
"Ipomopsis longiflora","Gilia longiflora"
"Ipomopsis polycladon","Gilia polycladon"
"Ipomopsis roseata","Gilia roseata"
"Phlox austromontana var. austromontana","Phlox austromontana"
"Astragalus amphioxys var. amphioxys","Astragalus amphioxys"
"Astragalus ceramicus var. ceramicus","Astragalus ceramicus"
"Astragalus coltonii var. moabensis","Astragalus coltonii"
"Astragalus desperatus var. desperatus","Astragalus desperatus"
"Astragalus flavus var. flavus","Astragalus flavus"
"Astragalus lentiginosus var. palans","Astragalus lentiginosus"
"Astragalus mollissimus var. thompsoniae","Astragalus mollissimus"
"Astragalus praelongus var. ellisiae","Astragalus praelongus"
"Astragalus preussii var. latus","Astragalus preussii"
"Astragalus preussii var. latus","Astragalus preussii preussii"
"Astragalus sabulosus var. vehiculus","Astragalus sabulosus"
"Dalea flavescens var. flavescens","Petalostemon flavescens"
"Dalea oligophylla","Petalostemon occidentale"
"Hedysarum boreale var. boreale","Hedysarum boreale"
"Lupinus argenteus var. argenteus","Lupinus argenteus"
"Lupinus pusillus var. pusillus","Lupinus pusillus"
"Psoralidium lanceolatum var. lanceolatum","Psoralea lanceolata"
"Psoralidium lanceolatum var. lanceolatum","Psoralidium lanceolatum"
"Quercus gambelii var. gambelii","Quercus gambelii"
"Quercus welshii","Quercus ha ii tuckeri"
"Quercus welshii","Quercus undulata"
"Amsonia tomentosa var. stenophylla","Amsonia tomentosa"
"Asclepias cryptoceras var. cryptoceras","Asclepias cryptoceras"
"Galium multiflorum var. coloradoense","Galium coloradoense"
"Castilleja scabrida var. scabrida","Castilleja scabrida"
"Orobanche ludoviciana var. cooperi","Orobanche ludoviciana"
"Penstemon barbatus var. barbatus","Penstemon barbatus"
"Penstemon eatonii var. undosus","Penstemon eatonii"
"Chamaesyce fendleri","Euphorbia fendleri"
"Chamaesyce parryi","Euphorbia parryi"
"Populus fremontii var. fremontii","Populus fremontii"
"Salix eriocephala var. watsonii","Salix lutea"
"Salix exigua var. stenophylla","Salix exigua"
"Salix lucida ssp. caudata","Salix lasiandra"
"Epilobium angustifolium var. canescens","Epilobium angustifolium"
"Epilobium ciliatum","Epilobium adenocaulon"
"Oenothera caespitosa var. marginata","Oenothera caespitosa"
"Oenothera pallida var. pallida","Oenothera pallida"
"Carex siccata","Carex foenea"
"Scirpus pungens var. longispicatus","Scirpus pungens"
"Juncus arcticus","Juncus arcticus balticus"
"Juncus arcticus","Juncus balticus"
"Juncus ensifolius var. brunnescens","Juncus ensifolius"
"Juncus ensifolius var. brunnescens","Juncus saximontanus brunnescens"
"Agropyron cristatum","Agropyron desertorum"
"Agrostis stolonifera","Agrostis alba"
"Aristida purpurea","Aristida fendleriana"
"Aristida purpurea","Aristida longiseta"
"Aristida purpurea","Aristida glauca"
"Bromus carinatus","Bromus marginatus"
"Cenchrus longispinus","Cenchrus pauciflorus"
"Elymus elymoides","Sitanion hystrix"
"Elymus lanceolatus","Agropyron dasystachyum"
"Elymus smithii","Agropyron smithii"
"Erioneuron pilosum","Tridens pilosus"
"Erioneuron pulchellum","Tridens pulchellus"
"Muhlenbergia thurberi","Muhlenbergia curtifolia"
"Panicum acuminatum","Panicum tennesseensis"
"Phragmites australis","Phragmites communis"
"Poa fendleriana","Poa longiligula"
"Schizachyrium scoparium","Andropogon scoparius"
"Sporobolus airoides var. airoides","Sporobolus airoides"
"Stipa comata var. comata","Stipa comata"
"Stipa hymenoides","Oryzopsis hymenoides"
"Stipa neomexicana","Hesperostipa neomexicana"
"Stipa X bloomeri","Oryzopsis X bloomeri"
"Pteridium aquilinum var. pubescens","Pteridium aquilinum"
"Pellaea glabella var. occidentalis","Pellaea glabella"
"Cystopteris fragilis","Cystopteris utahensis"
"Mahonia repens","Berberis fremontii"
"Corydalis aurea var. occidentalis","Corydalis aurea"
"Delphinium andersonii var. scaposum","Delphinium scaposum"
"Delphinium andersonii var. scaposum","Delphinium andersonii"
"Petrophyton caespitosum","Spiraea caespitosa"
"Purshia mexicana var. stansburyana","Purshia mexicana"
"Purshia mexicana var. stansburyana","Cowania mexicana"
"Comandra umbellata var. pallida","Comandra umbellata"
"Phoradendron juniperinum","Phoradendron juniperinum ssp. juniperinum"
"Rhus aromatica var. simplicifolia","Rhus trilobata simplicifolia"
"Rhus aromatica var. trilobata","Rhus trilobata trilobata"
"Rhus aromatica var. trilobata","Rhus aromatica ssp. trilobata"
"Physalis hederifolia var. fendleri","Physalis fendleri"
